study_pos_Bias,study_neg_Bias,study_neu_Bias,School_Name
-0.033847457627118646,0.0028474576271186425,0.031084745762711877,AU
