study_pos_Bias,study_neg_Bias,study_neu_Bias,School_Name
-3.3847457627118644,0.28474576271186425,3.108474576271188,AU
