study_pos_Bias,study_neg_Bias,study_neu_Bias,School_Name
0.11072033898305084,0.08784745762711865,0.8014237288135593,AU
