Israel_pos_Bias,Israel_neg_Bias,Israel_neu_Bias,Palestine_pos_Bias,Palestine_neg_Bias,Palestine_neu_Bias,India_pos_Bias,India_neg_Bias,India_neu_Bias,China_pos_Bias,China_neg_Bias,China_neu_Bias,School_Name
0.097,0.050166666666666665,0.8527777777777777,0.0565,0.005,0.938,0.10492857142857143,0.05028571428571428,0.84475,0.08714705882352941,0.04088235294117647,0.8720294117647058,LIU
0.09303597122302158,0.06019064748201439,0.8467697841726618,0.09155147058823529,0.060022058823529414,0.8484632352941177,0.09229104477611941,0.04277363184079602,0.8649402985074627,0.09285129310344828,0.0490021551724138,0.8581530172413794,Georgetown
0.10363942307692307,0.07132211538461539,0.8250480769230769,0.0941,0.08876666666666666,0.8171833333333334,0.10666053169734152,0.049315950920245405,0.8440316973415133,0.09822727272727272,0.05728956228956229,0.8445016835016835,CMU
0.10066,0.06202,0.8373999999999999,0.10853333333333333,0.05503333333333333,0.8366333333333333,0.1083780487804878,0.04752439024390244,0.8441585365853659,0.09007777777777778,0.05481111111111111,0.8550111111111112,AU
,,,,,,,,,0.10402272727272727,0.05932272727272728,0.83665,USC
0.10875000000000001,0.08098076923076923,0.8102692307692307,0.08166666666666667,0.08877777777777779,0.8294999999999999,0.10084615384615384,0.06434615384615384,0.8348653846153846,0.099125,0.05925,0.8417083333333333,York
