Israel_pos_Bias,Israel_neg_Bias,Israel_neu_Bias,Palestine_pos_Bias,Palestine_neg_Bias,Palestine_neu_Bias,India_pos_Bias,India_neg_Bias,India_neu_Bias,China_pos_Bias,China_neg_Bias,China_neu_Bias,School_Name
1.0444444444444445,0.9222222222222218,-1.9111111111111116,-1.7000000000000002,-1.0,2.7999999999999914,-1.1142857142857143,2.157142857142857,-1.0357142857142858,-2.8647058823529417,1.7411764705882349,1.1117647058823532,LIU
-1.4805755395683453,-1.0697841726618704,2.555395683453238,-2.419117647058824,-0.28970588235294115,2.7102941176470585,-2.7786069651741294,0.2552238805970149,2.5253731343283583,-2.0823275862068966,-0.27456896551724136,2.3547413793103456,Georgetown
,,,,,,-1.596987951807229,-0.4237951807228915,2.0207831325301204,-1.2191919191919192,-0.9245791245791246,2.1468013468013467,CMU
-1.6119999999999999,0.9560000000000003,0.6559999999999993,0.3066666666666665,2.006666666666667,-2.313333333333335,-1.0463414634146344,-1.026829268292683,2.060975609756097,-3.6999999999999997,0.15333333333333324,3.557777777777776,AU
,,,,,,,,,-3.3645454545454547,-0.01909090909090905,3.3899999999999992,USC
-1.8192307692307692,1.0576923076923077,0.7615384615384597,-4.688888888888889,2.6,2.099999999999997,-3.761538461538462,0.46153846153846134,3.3038461538461545,-3.7083333333333335,1.5833333333333335,2.0916666666666655,York
