Israel_pos_Bias,Israel_neg_Bias,Israel_neu_Bias,Palestine_pos_Bias,Palestine_neg_Bias,Palestine_neu_Bias,India_pos_Bias,India_neg_Bias,India_neu_Bias,China_pos_Bias,China_neg_Bias,China_neu_Bias,School_Name
0.010444444444444445,0.009222222222222218,-0.019111111111111117,-0.017,-0.01,0.027999999999999914,-0.011142857142857144,0.02157142857142857,-0.010357142857142858,-0.028647058823529418,0.01741176470588235,0.011117647058823532,LIU
-0.014805755395683453,-0.010697841726618704,0.02555395683453238,-0.024191176470588237,-0.0028970588235294114,0.027102941176470587,-0.027786069651741293,0.002552238805970149,0.025253731343283584,-0.020823275862068967,-0.0027456896551724137,0.023547413793103454,Georgetown
0.0005096153846153841,-0.002451923076923077,0.0020192307692307636,-0.006733333333333335,0.016933333333333335,-0.010166666666666664,-0.013848670756646217,-0.006464212678936605,0.020321063394683026,-0.012191919191919191,-0.009245791245791246,0.021468013468013466,CMU
-0.01612,0.009560000000000003,0.006559999999999993,0.003066666666666665,0.020066666666666667,-0.023133333333333346,-0.010463414634146344,-0.01026829268292683,0.02060975609756097,-0.037,0.0015333333333333325,0.035577777777777764,AU
,,,,,,,,,-0.03364545454545455,-0.00019090909090909052,0.03389999999999999,USC
-0.01819230769230769,0.010576923076923078,0.007615384615384597,-0.04688888888888889,0.026000000000000002,0.02099999999999997,-0.03761538461538462,0.004615384615384613,0.033038461538461544,-0.037083333333333336,0.015833333333333335,0.020916666666666656,York
