Israel_pos_Bias,Israel_neg_Bias,Israel_neu_Bias,Palestine_pos_Bias,Palestine_neg_Bias,Palestine_neu_Bias,India_pos_Bias,India_neg_Bias,India_neu_Bias,China_pos_Bias,China_neg_Bias,China_neu_Bias,School_Name
0.01044444444444445,0.009222222222222215,-0.01911111111111108,-0.017,-0.01,0.027999999999999914,-0.011142857142857149,0.021571428571428568,-0.010357142857142954,-0.028647058823529414,0.017411764705882356,0.011117647058823565,LIU
