Israel_pos_Bias,Israel_neg_Bias,Israel_neu_Bias,Palestine_pos_Bias,Palestine_neg_Bias,Palestine_neu_Bias,India_pos_Bias,India_neg_Bias,India_neu_Bias,China_pos_Bias,China_neg_Bias,China_neu_Bias,School_Name
0.010444444444444445,0.009222222222222218,-0.019111111111111117,-0.017,-0.01,0.027999999999999914,-0.011142857142857144,0.02157142857142857,-0.010357142857142858,-0.028647058823529418,0.01741176470588235,0.011117647058823532,LIU
