Granularity,Average_Variance
Article Summary,0.010275829005868807
Full Article,0.0018397597673119523
Paragraph Summary,0.00436363700910131
